photoId,longitude,latitude,clusterId
723,109.316625,28.370086,-1
1086,109.599995,27.952065,-1
2490,112.944087,28.226516,-1
2891,109.59488799999998,27.944218,-1
3428,109.616776,27.940428000000004,0
3581,112.980651,28.184082,1
3843,110.43457,29.16655200000001,2
3994,112.972068,28.200801,-1
4248,112.969708,28.152,-1
4401,110.469583,29.077725,-1
5611,113.549063,26.108211,-1
5834,110.451736,29.369011,-1
6293,113.087339,29.384343,-1
6648,110.478515,29.12937100000001,3
8422,111.129112,29.427637,4
8875,110.375,28.54191,5
9098,113.024307,25.81311,-1
9515,110.467529,29.123373,-1
9811,111.598091,26.236149,6
10661,113.110771,29.3438,-1
11479,109.975891,29.534632,-1
11505,113.116779,29.344548,-1
11871,109.577636,26.784847,-1
12180,110.466666,29.1,7
12259,110.492248,29.384418,-1
12388,112.933616,28.180829,-1
12673,110.462036,29.138967,-1
12798,110.479545,29.384643,-1
12945,111.598091,26.236149,6
14249,111.598091,26.236149,6
14294,109.902076,27.509184,8
14336,112.980651,28.184082,1
14743,111.577148,26.211859,-1
14744,112.980651,28.184082,1
15306,110.451736,29.369011,-1
15309,110.478515,29.12937100000001,3
15349,112.968978,28.202767,-1
16244,110.446929,29.195328000000003,-1
16297,109.603214,27.954377,9
16356,112.955117,28.121574,-1
16475,110.436377,29.346402,-1
16539,110.734025,26.275686,-1
16667,112.675781,28.72913,-1
16777,111.598091,26.236149,6
17923,113.143301,29.347242,-1
17977,112.980651,28.184082,1
18422,110.424785,29.359735,-1
18460,111.75521100000002,29.636055,-1
18621,110.469583,29.077725,-1
19092,110.43045,29.358538,-1
19150,110.495511,29.016397,-1
19252,110.465126,29.132445,-1
19277,109.603214,27.954377,9
19460,109.734711,28.31109600000001,-1
19689,111.796875,29.68805200000001,-1
20024,109.603214,27.954377,9
20386,110.511474,28.65203,-1
20711,110.493846,29.059788,-1
20744,111.598091,26.236149,6
21432,111.537139,27.41403,-1
21643,110.482292,29.367664,-1
22602,111.598091,26.236149,6
22678,112.961082,28.198682,-1
23218,109.596176,27.952255,-1
23342,110.461864,29.354499,10
23394,110.4505,29.339499,-1
23522,112.966698,28.200001,-1
23708,110.466666,29.1,7
23876,110.466666,29.1,7
24155,109.599995,27.952065,-1
24709,109.599995,27.952065,-1
24753,109.945121,27.5527,-1
24943,110.469583,29.077725,-1
25053,109.603214,27.954377,9
25597,110.61629,29.380111,-1
25657,110.42493,29.333982,-1
26424,112.955117,28.121574,-1
26454,112.954816,28.182342,-1
26692,112.980651,28.184082,1
26911,113.629119,28.143999,11
27546,111.577148,26.211859,-1
28149,112.935827,28.183825,-1
28726,109.595691,27.955016,-1
28804,112.980651,28.184082,1
29203,111.843611,27.995555,-1
29747,110.469583,29.077725,-1
29829,113.624725,28.146324,-1
30853,113.24707,28.960088,-1
32589,110.456542,29.351955,-1
32869,110.018903,27.571058,-1
33199,111.678771,29.034559,-1
33463,110.480833,29.14421500000001,12
33598,112.961382,28.073192,-1
33773,113.227865,28.185135,-1
34059,112.970352,28.19248,-1
34128,113.629119,28.143999,11
34263,112.980651,28.184082,1
34268,112.980651,28.184082,1
34375,109.59278,27.959802000000003,-1
34798,113.307,25.874833,-1
34825,109.646301,28.008951,-1
34937,112.980651,28.184082,1
35589,109.603214,27.954377,9
35602,110.480833,29.14421500000001,12
36480,113.629119,28.143999,11
36603,111.47625,28.387305,-1
36652,110.483837,29.387485,13
37139,113.224744,28.203411,-1
37468,110.733886,26.275636,-1
37801,110.444183,29.347541,-1
38536,110.43663,29.35375,-1
38654,113.214,28.197,-1
38760,109.599995,27.952065,-1
38877,110.456542,29.351955,-1
39348,110.444183,29.347541,-1
39579,112.980651,28.184082,1
39659,111.598091,26.236149,6
39941,110.4425,29.341333,-1
40285,112.078216,28.147912,-1
40560,110.451736,29.369011,-1
40687,110.478515,29.12937100000001,3
40827,109.603214,27.954377,9
40945,110.43457,29.16655200000001,2
41059,109.603214,27.954377,9
41709,109.603214,27.954377,9
41723,112.938079,28.207003000000004,14
41896,109.598922,27.952937,-1
42188,113.078117,28.810499,-1
42392,110.49025,29.383966,-1
43467,109.603214,27.954377,9
43488,112.983398,27.955591,15
44347,111.494683,28.401147,-1
45632,112.93598,28.183944,-1
46304,112.980651,28.184082,1
46540,110.61353,29.366861,-1
46544,112.971038,28.193085,-1
46637,112.608019,26.890061,-1
47522,112.118225,26.784387,-1
47572,111.598091,26.236149,6
47667,113.198142,28.20390200000001,-1
48273,110.461864,29.354499,10
48308,110.49139,29.388831,-1
48350,109.598836,27.94907000000001,-1
48461,111.753166,29.6465,-1
48585,110.417404,29.364223,-1
49844,112.979879,28.188092,-1
49859,112.970008,28.20322100000001,-1
50112,111.473847,28.38475,-1
50369,110.46773600000002,29.056947,-1
50722,112.938079,28.207003000000004,14
50785,112.979879,28.188092,-1
51446,112.992683,28.1942,-1
51566,112.968978,28.202767,-1
51633,111.47625,28.387305,-1
52426,113.137292,29.344025,-1
52578,112.980651,28.184082,1
52811,112.987602,28.212052000000003,-1
52848,113.813933,28.3263,-1
52868,111.598091,26.236149,6
52963,109.616776,27.940428000000004,0
53173,109.962726,27.573416,-1
53477,112.957305,28.182493,-1
53561,112.980651,28.184082,1
53862,109.599995,27.952065,-1
54517,109.598022,27.953461,-1
55131,112.980651,28.184082,1
55631,110.487616,29.378147,-1
55827,109.562187,27.961049,-1
56645,112.969416,28.195105,-1
56949,110.4965,29.392833000000003,-1
57520,111.843611,27.995555,-1
57914,110.451736,29.369011,-1
58195,112.118225,26.784387,-1
58770,110.43457,29.16655200000001,2
59366,109.331941,28.360777,-1
59421,109.601269,27.952075,-1
59708,110.375,28.54191,5
59921,110.43457,29.16655200000001,2
59996,111.577148,26.211859,-1
60071,112.675781,28.72913,-1
60126,110.446929,29.195328000000003,-1
60274,109.603214,27.954377,9
60344,110.48923,29.051124,-1
60446,110.436077,29.346527,-1
60987,111.843611,27.995555,-1
61059,112.971802,28.19365,-1
61100,110.465126,29.132445,-1
61216,110.429928,29.329786,-1
62259,110.435982,29.331899,-1
62352,109.902076,27.509184,8
62590,109.599995,27.952065,-1
62834,112.96046,28.168761,-1
63233,109.964765,27.572161,-1
63237,112.978102,28.189513,-1
63913,110.46273,29.359359,-1
64181,112.970352,28.190664,-1
64208,109.533333,28.383333,-1
64221,112.384094,28.580733,-1
64316,112.936964,28.227121,-1
65187,111.129112,29.427637,4
65338,110.432836,29.346938,-1
65368,112.983398,27.955591,15
65473,113.024082,28.187033000000003,-1
65490,109.945678,27.561851,-1
66310,111.129112,29.427637,4
66613,109.616776,27.940428000000004,0
67137,112.966269,28.198186,-1
67841,110.478515,29.12937100000001,3
68441,112.376403,28.519684,-1
68489,110.529165,29.336825,-1
68879,110.526858,29.359979,-1
70070,113.201924,28.207047,-1
71264,110.495119,29.039063,-1
71402,109.603214,27.954377,9
71678,110.483837,29.387485,13
71691,110.461864,29.354499,10
71852,110.466147,29.362263,16
72218,113.624725,28.146324,-1
72648,110.466666,29.1,7
72698,112.968978,28.202767,-1
72873,112.966698,28.200001,-1
73289,113.109397,29.376042,-1
73344,109.603214,27.954377,9
73390,110.480833,29.14421500000001,12
74256,113.03745,28.235251,-1
74599,113.064422,29.42688900000001,-1
74604,109.603214,27.954377,9
75435,112.977905,28.188243,-1
75445,112.976081,28.187203000000004,-1
75857,112.93953799999998,28.180897,-1
76387,111.695297,29.022352,-1
76533,110.602785,29.378624,-1
76621,113.957052,28.339497,-1
77043,112.991502,28.210808,-1
77271,110.453796,29.140766,-1
77404,111.720314,29.619952,-1
77626,112.980651,28.184082,1
77811,111.643066,29.63659,-1
78229,112.977905,28.188243,-1
78256,110.483837,29.387485,13
78837,112.979879,28.188092,-1
79418,109.596005,27.954377,-1
79747,112.948586,28.196377,-1
79856,110.480833,29.14421500000001,12
79921,112.985769,28.184016,-1
79962,109.603214,27.954377,9
80293,112.979879,28.188092,-1
81301,111.598091,26.236149,6
82277,110.46273,29.359359,-1
82905,110.478515,29.12937100000001,3
82913,112.955117,28.121574,-1
82968,112.96948,28.206511,-1
83142,111.692616,29.040752,-1
83197,109.603214,27.954377,9
83462,110.539794,29.363477000000003,-1
83993,110.466666,29.1,7
84100,110.417404,29.364223,-1
84117,110.478515,29.12937100000001,3
84124,112.980651,28.184082,1
84605,110.453796,29.140766,-1
84978,112.977905,28.188243,-1
85105,112.9404,28.181372,-1
85898,109.598836,27.94907000000001,-1
85936,109.596176,27.952255,-1
86457,109.902076,27.509184,8
86753,110.506839,29.386662,-1
86889,110.375,28.54191,5
88348,113.629119,28.143999,11
88757,109.603214,27.954377,9
89549,113.214,28.196666,-1
89563,113.0125,28.194666,-1
89654,110.451736,29.369011,-1
91063,110.43457,29.16655200000001,2
91113,110.478515,29.12937100000001,3
91231,112.980651,28.184082,1
91515,110.609883,29.379406,-1
91718,110.324363,29.172847,-1
92363,109.603214,27.954377,9
92927,110.270547,29.059268,-1
92936,110.375,28.54191,5
93229,113.116779,29.344548,-1
93308,110.486369,29.015019,-1
93556,112.980651,28.184082,1
94245,110.466147,29.362263,16
94413,112.971038,28.193085,-1
94735,111.796875,29.68805200000001,-1
94847,110.466152,29.120317,-1
95570,110.727981,29.440978,-1
96488,112.718353,29.737551,-1
96804,113.03668799999998,28.236233,-1
97017,110.466666,29.1,7
97085,110.437663,29.34598,-1
97136,109.603214,27.954377,9
97258,112.980651,28.184082,1
97996,111.643066,29.63659,-1
98242,109.601088,27.951733,-1
98895,110.466666,29.1,7
98967,109.603214,27.954377,9
99282,112.970813,28.191822,-1
99625,111.753333,29.6325,-1
99697,112.935333,28.18143400000001,-1
99819,112.885955,24.980555,-1
100043,112.985786,28.184997,-1
100137,111.577148,26.211859,-1
100364,110.462036,29.134169,-1
100532,111.598091,26.236149,6
102434,113.624725,28.146324,-1
102577,112.965545,28.195354,-1
102807,110.43457,29.16655200000001,2
103404,109.593086,27.950283,-1
103965,111.678771,29.034559,-1
104841,110.466666,29.1,7
104882,110.461864,29.354499,10
104920,110.43457,29.16655200000001,2
105010,112.6065,26.915333,-1
105425,110.610351,29.214507,-1
105669,110.506839,29.386662,-1
105826,110.542841,29.343141,-1
105827,110.483837,29.387485,13
106248,112.985977,28.212469,-1
106468,110.437727,29.345913,-1
106482,110.478515,29.12937100000001,3
108289,112.983398,27.955591,15
108876,110.470251,29.052462,-1
109144,111.129112,29.427637,4
109273,112.961382,28.073192,-1
109372,110.478515,29.12937100000001,3
109636,110.489673,29.380978,-1
109758,110.375,28.541889,5
110356,109.616776,27.940428000000004,0
110663,110.48768,29.37725,-1
110751,110.483837,29.387485,13
111067,110.497483,29.1092,-1
111532,111.238975,29.583086,-1
111690,109.603214,27.954377,9
111805,109.603214,27.954377,9
111890,109.995555,27.11,-1
112402,112.968206,28.195865,-1
112523,110.461864,29.354499,10
112692,109.595489,27.948956,-1
113158,109.602966,27.952113,-1
113477,110.462036,29.134169,-1
113589,112.971038,28.193085,-1
113832,111.598091,26.236149,6
114237,109.902076,27.509184,8
114916,110.375,28.54191,5
114926,110.480833,29.14421500000001,12
115643,109.603214,27.954377,9
116152,110.483837,29.387485,13
116409,109.598836,27.94907000000001,-1
116474,109.603214,27.954377,9
116541,110.466147,29.362263,16
116572,113.202401,29.368785,-1
116680,110.478515,29.12937100000001,3
116701,110.43045,29.358538,-1
116881,110.461864,29.354499,10
116901,110.461864,29.354499,10
117491,112.991438,28.212338,-1
117515,110.417404,29.364223,-1
118256,112.968978,28.202767,-1
118317,110.466147,29.362263,16
118495,113.14476,27.82845,-1
118628,109.603214,27.954377,9
118939,109.603214,27.954377,9
119311,113.02835,25.811744,-1
119990,110.423412,29.330407,-1
120567,112.239418,28.443487,-1
120588,112.967605,28.182267,-1
121278,110.324363,29.172847,-1
121290,113.202758,28.206976,-1
121618,113.117809,27.824755,-1
122168,112.849166,26.413055,-1
122890,110.415344,29.369759,-1
123469,109.332736,28.361163,-1
123627,110.431727,29.309733,-1
123839,111.598091,26.236149,6
124651,110.424785,29.359735,-1
124907,111.238975,29.583086,-1
124954,109.902076,27.509184,8
125171,110.478515,29.12937100000001,3
125764,110.469074,29.391448,-1
125826,110.375,28.54191,5
125827,109.965591,28.715581,-1
126932,112.607591,26.890361,-1
127493,111.537139,27.41403,-1
127652,110.480833,29.14421500000001,12
128117,112.970287,28.199113,-1
128206,110.466666,29.1,7
128311,113.13858,29.340658,-1
128489,110.43045,29.358538,-1
128734,110.469183,29.118705,-1
129158,112.971802,28.19365,-1
129578,109.603214,27.954377,9
129700,113.116779,29.344548,-1
129861,113.629119,28.143999,11
130058,112.961382,28.073192,-1
130262,110.461864,29.354499,10
130357,110.451736,29.369011,-1
131366,112.980651,28.184082,1
131573,109.603214,27.954377,9
131675,110.43457,29.16655200000001,2
132026,113.20031000000002,28.185003,-1
132279,113.629119,28.143999,11
132687,110.47198799999998,29.130407,-1
134033,110.543129,29.347405,-1
134530,112.980651,28.184082,1
134789,112.980651,28.184082,1
135183,109.598311,27.950838,-1
135388,111.750577,29.645136,-1
136436,109.616776,27.940428000000004,0
136640,109.603214,27.954377,9
138319,112.384347,28.580691,-1
138666,110.451736,29.369011,-1
139071,111.47335,28.38395,-1
139091,110.43457,29.16655200000001,2
139400,109.603214,27.954377,9
139575,112.983398,27.955591,15
139692,112.968978,28.202767,-1
139956,112.934474,28.177424,-1
140034,110.424785,29.359735,-1
140318,110.469583,29.077725,-1
141127,110.610351,29.214507,-1
141157,109.902076,27.509184,8
141200,109.98068,28.684261,-1
141350,112.91851,28.179619,-1
141617,113.20302,28.186554,-1
141680,112.5765,26.896666,-1
141760,109.603214,27.954377,9
141766,111.598091,26.236149,6
142400,109.600696,27.948919,-1
142684,112.961425,28.184007,-1
142814,110.478172,29.376191,-1
142993,110.491733,29.383356,-1
143236,112.991166,28.172666,-1
143392,109.646301,28.008951,-1
143726,113.624725,28.146324,-1
144318,112.928466,28.204734,-1
144343,110.424785,29.359735,-1
144368,110.444183,29.347541,-1
144604,109.889288,28.562813,-1
144734,112.625999,27.024833,-1
145042,110.43457,29.16655200000001,2
145482,112.980651,28.184082,1
145561,112.938079,28.207003000000004,14
145906,111.599121,26.231404,-1
145975,112.938079,28.207003000000004,14
146402,113.087339,29.384343,-1
146561,112.960052,28.218802,-1
147629,112.935383,28.183952,-1
147842,111.685333,29.029333,-1
148060,112.019913,27.724611,-1
148135,111.129112,29.427637,4
148929,110.507354,29.405581,-1
149908,109.603214,27.954377,9
150187,110.478515,29.12937100000001,3
151633,110.471829,29.117727,-1
151946,109.533333,28.383333,-1
151992,112.966698,28.200001,-1
152248,109.304066,28.38435,-1
152299,109.326672,28.363161,-1
152446,112.980651,28.184082,1
152575,109.603214,27.954377,9
152912,112.979879,28.188092,-1
153723,109.603214,27.954377,9
153969,110.487228,29.136274,-1
154171,111.598091,26.236149,6
154353,110.478515,29.12937100000001,3
154669,113.087511,29.387485,-1
154813,111.689833,29.0295,-1
155870,113.629119,28.143999,11
155907,111.537139,27.41403,-1
157178,111.598091,26.236149,6
157470,112.991438,28.212338,-1
157647,112.610707,26.90259600000001,-1
157865,112.314605,28.59251,-1
158061,109.975891,29.534632,-1
158166,109.603061,27.950733000000003,-1
158583,110.438272,29.346166,-1
158587,112.967605,28.198531,-1
158599,112.611472,26.914875,-1
159758,110.470261,29.085388,-1
159766,112.980651,28.184082,1
159804,111.537139,27.41403,-1
159953,110.375,28.54191,5
161440,113.629119,28.143999,11
161519,110.43457,29.16655200000001,2
162100,113.111887,29.354985,-1
162180,112.971802,28.19365,-1
162357,110.438003,29.357715,-1
163116,110.469074,29.391448,-1
163681,111.598091,26.236149,6
164073,112.979879,28.188092,-1
164646,109.603214,27.954377,9
165244,110.465126,29.132445,-1
167078,112.608491,26.889105,-1
168430,112.980651,28.184082,1
168528,110.459117,29.387485,-1
168544,110.462036,29.138967,-1
168569,109.603214,27.954377,9
168692,109.603214,27.954377,9
168997,110.49463,29.395179,-1
169097,109.603214,27.954377,9
169108,110.431908,29.324269,-1
169571,112.971802,28.19365,-1
169645,110.483837,29.387485,13
170289,112.382194,28.580616,-1
170636,112.382605,28.580652,-1
170697,109.603214,27.954377,9
170965,111.678771,29.034559,-1
171341,113.091201,29.379482,-1
171432,112.950425,28.195283,-1
171445,109.601324,27.950738,-1
172278,110.466666,29.1,7
172885,110.489673,29.380978,-1
172891,110.415344,29.369759,-1
172990,111.599121,26.231404,-1
173091,109.616776,27.940428000000004,0
173387,112.980651,28.184082,1
173442,110.43457,29.16655200000001,2
173480,110.4825,29.375166,-1
173626,109.902076,27.509184,8
173664,110.465759,29.339587,-1
173821,112.907283,28.212294,-1
173956,111.577148,26.211859,-1
174013,109.616776,27.940428000000004,0
174051,113.956833,28.339666,-1
174850,113.629119,28.143999,11
175343,111.599121,26.231404,-1
175363,110.727981,29.440978,-1
175981,110.493278,29.331305,-1
176079,112.980651,28.184082,1
176094,112.938079,28.207003000000004,14
176132,112.938079,28.207003000000004,14
176441,110.480833,29.14421500000001,12
176508,113.111887,29.354985,-1
176545,111.46038,28.903255,-1
177419,110.613966,29.366638,-1
177592,110.423412,29.330407,-1
177624,111.643066,29.63659,-1
177685,112.971802,28.19365,-1
178013,113.067749,28.252029,-1
178656,110.43457,29.16655200000001,2
179065,111.643066,29.63659,-1
179229,110.483837,29.387485,13
179359,109.616776,27.940428000000004,0
179916,110.417404,29.364223,-1
181232,113.146751,27.83818,-1
181456,112.972412,28.205188,-1
181545,113.106994,29.361979,-1
182085,110.446,29.341166,-1
182425,111.796875,29.68805200000001,-1
182987,112.554,28.254167,-1
182990,110.433163,29.347758,-1
183143,112.951126,28.227499,-1
183713,112.960052,28.218802,-1
183946,112.932415,28.181813,-1
184338,112.980651,28.184082,1
184915,112.949661,28.195136,-1
185111,110.461864,29.354499,10
185231,109.603214,27.954377,9
185438,112.960052,28.218802,-1
185511,112.977905,28.188243,-1
185623,109.577636,26.784847,-1
185793,111.564,29.062333,-1
186383,112.980651,28.184082,1
186394,110.488704,29.041562,-1
186872,110.514221,29.341481,-1
186959,113.171539,29.37305,-1
187094,110.486122,29.073048,-1
187162,110.038815,27.572789,-1
187218,109.902076,27.509184,8
188064,112.980651,28.184082,1
188538,109.81307,28.675829,-1
189905,109.965591,28.715581,-1
189984,109.601794,27.951527,-1
190222,110.461864,29.354499,10
190447,112.384497,28.580688,-1
190569,110.456542,29.351955,-1
190698,110.727981,29.440978,-1
191517,109.562187,27.961049,-1
191585,109.860363,28.738312,-1
191780,110.485585,29.10884,-1
192084,112.977905,28.188243,-1
192307,110.498785,29.386365,-1
192465,113.629119,28.143999,11
192558,112.980651,28.184082,1
192851,111.796875,29.68805200000001,-1
192893,110.444183,29.347541,-1
193065,109.691619,28.606376,-1
193086,113.0135,28.19633300000001,-1
193090,111.598091,26.236149,6
193226,110.483837,29.387485,13
193614,111.753166,29.6465,-1
193942,110.43457,29.16655200000001,2
194403,109.811096,29.084976,-1
194650,111.598091,26.236149,6
194653,109.603214,27.954377,9
194717,110.727981,29.440978,-1
195479,109.598836,27.94907000000001,-1
195786,112.979879,28.188092,-1
195893,110.606455,29.379028,-1
196122,110.502446,29.371521,-1
196288,112.980651,28.184082,1
196526,111.598091,26.236149,6
196546,112.988719,28.192026,-1
197270,110.443222,29.32404600000001,-1
197679,110.426212,29.313188,-1
197695,113.629119,28.143999,11
198359,110.46273,29.359359,-1
199091,110.440835,29.324639,-1
199362,110.43457,29.16655200000001,2
199613,110.43457,29.16655200000001,2
199632,112.983398,27.955591,15
200547,109.332052,28.361069,-1
200798,112.933616,28.181132,-1
201119,113.111972,29.364298,-1
201383,109.60073,27.95195,-1
201523,109.59960900000002,27.953164,-1
201549,112.980651,28.184082,1
201976,112.971802,28.19365,-1
202412,110.438003,29.357715,-1
202528,110.375,28.54191,5
203132,110.532932,29.318099,-1
204076,113.101415,29.376790000000003,-1
204748,110.418851,29.334492,-1
205051,112.929325,28.201406,-1
205219,109.603214,27.954377,9
205457,113.03668799999998,28.236233,-1
205549,112.928833,28.179333000000003,-1
205563,110.466666,29.1,7
206546,111.592975,29.056047,-1
206607,111.643066,29.63659,-1
206612,111.598091,26.236149,6
206641,112.980651,28.184082,1
206895,111.599121,26.231404,-1
206917,111.468169,28.385969,-1
206985,110.44753,28.916447,-1
207047,109.603214,27.954377,9
207189,109.902076,27.509184,8
207704,112.361984,28.375995,-1
208039,109.965591,28.715581,-1
208040,109.596004,27.948994,-1
208170,110.461864,29.354499,10
208539,109.842769,28.498161,-1
208676,110.341873,29.196452,-1
208691,111.962179,28.178729,-1
209082,112.980651,28.184082,1
209241,113.631774,28.168663,-1
209430,109.902076,27.509184,8
209545,109.603214,27.954377,9
209737,110.614452,29.379909,-1
210370,109.603214,27.954377,9
210597,112.966698,28.200001,-1
211140,110.462036,29.138967,-1
212263,110.446929,29.195328000000003,-1
212618,110.498102,29.042936,-1
213450,109.598836,27.94907000000001,-1
213899,110.480346,29.117269,-1
214077,110.555388,29.34026,-1
214095,109.595702,27.95507700000001,-1
214124,110.430961,29.344531,-1
214153,109.975891,29.534632,-1
214832,110.44753,28.916447,-1
215475,111.599121,26.231404,-1
215889,109.616776,27.940428000000004,0
216075,110.43457,29.16655200000001,2
216126,112.983398,27.955591,15
216159,112.980651,28.184082,1
216766,112.96898600000002,28.193425,-1
216837,109.603214,27.954377,9
216998,112.965167,28.208333000000003,-1
217043,112.949151,28.227272,-1
217112,109.616776,27.940428000000004,0
217410,110.480833,29.14421500000001,12
217675,110.469583,29.077725,-1
217807,109.332269,28.360663,-1
218242,109.965591,28.715581,-1
218415,109.484425,27.932086,-1
218488,110.613966,29.366638,-1
218773,109.902076,27.509184,8
218819,110.43457,29.16655200000001,2
219214,112.965438,24.983269,-1
219636,110.469074,29.391448,-1
219991,110.483837,29.387485,13
220441,109.616776,27.940428000000004,0
220645,109.603214,27.954377,9
220921,110.483837,29.387485,13
221273,112.957992,28.197321,-1
221627,110.43457,29.16655200000001,2
221832,109.59623,27.950625,-1
222020,112.980651,28.184082,1
222160,110.470645,29.056837,-1
222200,113.223142,28.18370800000001,-1
222700,112.939453,28.362401,-1
222888,112.933788,28.167361,-1
222959,112.807617,26.017297,-1
223039,111.129112,29.427637,4
223237,110.461864,29.354499,10
223596,110.458666,29.342,-1
223778,109.902076,27.509184,8
223911,110.43457,29.16655200000001,2
224225,113.629119,28.143999,11
224287,112.982397,28.205061,-1
224355,110.399466,28.963619,-1
224476,110.43457,29.16655200000001,2
224753,113.231702,28.183712,-1
224986,112.957649,28.175306,-1
225048,112.978463,28.198711,-1
225215,112.969994,28.204255,-1
225261,109.811096,29.084976,-1
225436,112.718353,29.737551,-1
225690,113.956902,28.339572,-1
225765,110.461864,29.354499,10
226170,112.973388,28.203741,-1
226264,112.14843700000002,26.58852700000001,-1
226573,112.933833,28.20233300000001,-1
226743,109.830322,29.195927,-1
227120,112.980651,28.184082,1
227652,110.438905,29.346211,-1
227845,112.977905,28.188243,-1
228343,110.467754,29.104556,-1
228489,113.01301,28.194825,-1
228598,111.68868,29.058577000000003,-1
229146,109.616776,27.940428000000004,0
229328,111.47625,28.387305,-1
229987,110.461864,29.354499,10
230141,109.603214,27.954377,9
230541,110.459117,29.387485,-1
231283,113.14476,27.82845,-1
231877,113.023055,25.424141,-1
231959,109.603214,27.954377,9
232521,110.461864,29.354499,10
232743,109.603214,27.954377,9
232804,112.980651,28.184082,1
233317,110.417404,29.364223,-1
233388,109.603214,27.954377,9
233783,109.603214,27.954377,9
233920,112.970287,28.199113,-1
234072,110.489673,29.380978,-1
234306,113.199992,28.183405,-1
234804,109.616776,27.940428000000004,0
235041,110.483837,29.387485,13
235284,110.417404,29.364223,-1
235515,109.616776,27.940428000000004,0
235672,110.43457,29.16655200000001,2
235710,112.983398,27.955591,15
236168,109.616776,27.940428000000004,0
236209,112.967433,28.174776,-1
236753,109.323652,28.364072,-1
236863,112.907867,29.470687,-1
236946,109.962812,27.570354,-1
237020,110.493678,29.058826,-1
238230,110.60191100000002,29.37852800000001,-1
238710,112.980651,28.184082,1
239268,109.601324,27.950738,-1
239352,113.01301,28.194825,-1
239516,112.957649,28.199288,-1
239649,112.980651,28.184082,1
239792,110.623061,29.354604,-1
239818,110.375,28.54191,5
241343,110.474893,29.030173,-1
241515,111.537139,27.41403,-1
241844,113.629119,28.143999,11
241983,112.968544,28.206488,-1
241995,112.938079,28.207003000000004,14
242814,112.971802,28.19365,-1
242902,110.003024,27.55622,-1
243136,111.599121,26.231404,-1
243578,113.064422,29.42688900000001,-1
244661,109.603214,27.954377,9
245673,110.375,28.54191,5
245866,110.423412,29.330407,-1
245979,111.472541,28.383244,-1
246234,112.970287,28.199113,-1
247229,109.603214,27.954377,9
247710,111.537139,27.41403,-1
248588,110.324363,29.172847,-1
248887,111.598091,26.236149,6
249177,111.238975,29.583086,-1
249465,111.129112,29.427637,4
250405,109.965591,28.715581,-1
250583,112.631835,27.293689,-1
252146,111.720314,29.619952,-1
253308,109.598902,27.953138,-1
253357,109.562187,27.961049,-1
253742,110.478515,29.12937100000001,3
253857,112.938079,28.207003000000004,14
253875,110.466147,29.362263,16
253905,112.007544,27.734291,-1
254509,113.629119,28.143999,11
254764,113.629119,28.143999,11
254845,112.9985,28.197333,-1
255321,112.980651,28.184082,1
255495,109.603214,27.954377,9
255846,112.609113,26.892011,-1
256074,110.425987,29.183451,-1
256150,109.902076,27.509184,8
256173,109.590316,27.948999,-1
256812,113.956977,28.339622,-1
256824,112.983398,27.955591,15
256834,112.948551,28.228028,-1
256945,110.604459,29.37880800000001,-1
256962,110.535118,29.330377,-1
257004,110.43457,29.16655200000001,2
257115,109.616776,27.940428000000004,0
257159,112.980651,28.184082,1
257430,109.603214,27.954377,9
257435,112.938079,28.207003000000004,14
257539,110.43457,29.16655200000001,2
257771,112.938079,28.207003000000004,14
258005,112.966933,28.196655,-1
258308,112.968688,28.206561,-1
258954,113.624725,28.146324,-1
259329,110.614949,29.379964,-1
259514,110.459117,29.387485,-1
259584,112.969708,28.152,-1
259716,109.603214,27.954377,9
259736,109.601324,27.950738,-1
259783,110.533319,29.341423,-1
260215,112.95318600000002,28.216079,-1
260865,109.616776,27.940428000000004,0
260994,112.980651,28.184082,1
261448,109.603214,27.954377,9
261542,110.480833,29.14421500000001,12
262043,110.466147,29.362263,16
262332,110.407715,29.330036,-1
262974,109.726161,28.296558,-1
263129,109.598836,27.94907000000001,-1
263197,112.980651,28.184082,1
263489,110.488643,29.362952000000003,-1
263506,112.983398,27.955591,15
263558,111.577148,26.211859,-1
263580,110.248072,29.084636,-1
263686,112.981613,28.185522,-1
264331,110.480833,29.14421500000001,12
264706,109.603214,27.954377,9
264810,113.111972,29.364298,-1
266053,113.109741,29.404534,-1
266209,109.603214,27.954377,9
266337,112.950782,28.189756,-1
266463,110.43,29.31833300000001,-1
266514,113.116779,29.344548,-1
266867,112.980651,28.184082,1
267015,111.129112,29.427637,4
267096,110.436077,29.346527,-1
267287,112.487588,27.910978000000004,-1
267838,110.461864,29.354499,10
268095,110.506839,29.386662,-1
268131,110.489673,29.380978,-1
268414,110.478515,29.12937100000001,3
268478,113.2261,28.181390000000004,-1
268522,111.599121,26.231404,-1
268642,112.980651,28.184082,1
268691,112.96711100000002,24.982149,-1
268804,110.483837,29.387485,13
269823,110.478515,29.12937100000001,3
269941,112.980651,28.184082,1
270004,110.415687,29.358538,-1
270209,109.603214,27.954377,9
270343,110.375,28.54191,5
270741,109.616776,27.940428000000004,0
271414,110.497341,29.393737,-1
271546,112.992399,28.197335,-1
272458,112.971038,28.193085,-1
272503,110.538959,29.339128,-1
272558,110.478515,29.12937100000001,3
272750,110.451736,29.369011,-1
273680,110.727981,29.440978,-1
274262,110.415344,29.369759,-1
274681,111.537139,27.41403,-1
274995,109.598836,27.94907000000001,-1
275274,112.726666,27.249833,-1
275341,110.43457,29.16655200000001,2
275532,112.938079,28.207003000000004,14
275563,109.902076,27.509184,8
275596,109.616776,27.940428000000004,0
275738,112.981601,28.194531,-1
275844,110.375,28.54191,5
276404,110.478515,29.12937100000001,3
276600,113.204287,28.202882,-1
276752,109.868774,28.65444,-1
277117,112.988719,28.192026,-1
277550,112.980651,28.184082,1
277574,112.938079,28.207003000000004,14
278349,110.54191000000002,29.33953300000001,-1
278391,110.399466,28.963619,-1
278489,109.562187,27.961049,-1
278788,112.980651,28.184082,1
279167,110.461152,29.351036,-1
279391,110.424785,29.359735,-1
279528,109.603214,27.954377,9
279571,111.577148,26.211859,-1
279599,112.980651,28.184082,1
280001,109.603214,27.954377,9
280089,112.840561,26.237105,-1
281343,110.478515,29.12937100000001,3
281345,110.425585,29.358033,-1
281761,110.415687,29.358538,-1
281891,112.972068,28.200801,-1
282244,112.978425,28.187783000000003,-1
282920,110.506839,29.386662,-1
283276,110.603247,29.378675,-1
283627,112.980651,28.184082,1
284450,113.629119,28.143999,11
284971,110.424785,29.359735,-1
285155,109.902076,27.509184,8
285369,110.467945,29.140489,-1
285480,111.643066,29.63659,-1
285940,110.418043,29.358984000000003,-1
286275,110.478515,29.12937100000001,3
286605,110.43457,29.16655200000001,2
286681,109.562187,27.961049,-1
287116,109.616776,27.940428000000004,0
287292,110.43457,29.16655200000001,2
287446,110.42324,29.367141,-1
288452,110.469583,29.077725,-1
288549,112.980651,28.184082,1
288636,110.415687,29.358538,-1
288714,112.960546,28.168269,-1
288847,109.616776,27.940428000000004,0
289458,110.451736,29.369011,-1
289540,112.980651,28.184082,1
289769,111.129112,29.427637,4
290920,109.603214,27.954377,9
292992,111.537139,27.41403,-1
293119,109.602449,27.951497,-1
293184,113.03668799999998,28.236233,-1
293187,112.971038,28.193085,-1
293196,111.238975,29.583086,-1
293556,109.590316,27.948999,-1
293904,110.49971,29.391725,-1
294725,112.980651,28.184082,1
294801,112.807617,26.017297,-1
295067,110.43457,29.16655200000001,2
296347,109.646301,28.008951,-1
296552,112.934131,28.180829,-1
297074,110.482863,29.132145,-1
297772,109.603214,27.954377,9
297840,112.977905,28.188243,-1
298122,109.731445,28.545925,-1
298236,110.461864,29.354499,10
298460,110.49,29.39,-1
298738,111.643066,29.63659,-1
299160,111.129112,29.427637,4
299453,111.598091,26.236149,6
299699,109.603214,27.954377,9
299730,112.983398,27.955591,15
299954,109.533333,28.383333,-1
300320,110.478515,29.12937100000001,3
300420,113.107852,29.36557,-1
300471,110.375,28.541889,5
300563,112.980651,28.184082,1
300691,111.342833,29.008666,-1
300952,112.933273,28.17576,-1
301060,110.446071,29.345072,-1
301602,112.675781,28.72913,-1
301759,110.466147,29.362263,16
301875,109.316625,28.370086,-1
301935,112.980651,28.184082,1
302038,111.796875,29.68805200000001,-1
303002,112.968307,28.1975,-1
303421,113.200904,28.187323,-1
304073,110.43457,29.16655200000001,2
304613,110.466666,29.1,7
304971,111.713333,28.999166,-1
305339,113.629119,28.143999,11
305855,112.97798,28.189475,-1
305867,110.451736,29.369011,-1
306186,113.629119,28.143999,11
306329,110.466666,29.1,7
306383,110.53703,29.339876,-1
307604,110.466147,29.362263,16
307725,112.980651,28.184082,1
307938,112.967605,28.198531,-1
307987,112.980651,28.184082,1
308162,109.811096,29.084976,-1
308211,111.796875,29.68805200000001,-1
308262,109.603214,27.954377,9
308564,110.610351,29.214507,-1
308637,112.980651,28.184082,1
308681,110.446929,29.195328000000003,-1
309644,109.902076,27.509184,8
309707,112.955117,28.121574,-1
310057,113.19996,28.183372,-1
310090,111.598091,26.236149,6
310092,109.601324,27.950738,-1
310314,110.480833,29.14421500000001,12
310611,113.629119,28.143999,11
310622,112.972068,28.200801,-1
310722,112.972794,28.190188,-1
310864,113.066436,28.794847,-1
310973,112.489705,27.911697,-1
311112,110.488796,29.382888,-1
311420,112.960427,28.168686,-1
311618,112.118225,26.784387,-1
311797,112.980651,28.184082,1
311909,112.980651,28.184082,1
312309,110.601804,29.354179,-1
312510,112.980651,28.184082,1
312622,110.483837,29.387485,13
312922,112.980651,28.184082,1
313325,112.980651,28.184082,1
313654,111.129112,29.427637,4
314173,110.43457,29.16655200000001,2
314321,110.424736,29.308977,-1
314633,112.675781,28.72913,-1
314719,110.469074,29.391448,-1
314810,112.779,28.248333,-1
315186,111.796875,29.68805200000001,-1
315257,110.466666,29.1,7
315428,112.968708,28.206622,-1
315482,111.238975,29.583086,-1
315702,111.474808,28.385813,-1
315999,110.444183,29.347541,-1
316043,110.441982,29.335021,-1
317504,113.01301,28.194825,-1
317763,110.324363,29.172847,-1
319204,110.459117,29.387485,-1
321575,110.492638,29.373452,-1
321591,112.966233,28.197088,-1
321704,110.461864,29.354499,10
321807,110.466147,29.362263,16
321827,113.004255,25.678888,-1
322179,113.067749,28.252029,-1
322371,113.109741,29.404534,-1
322615,110.43483,29.348938,-1
322653,113.11326,29.351057,-1
322935,110.378421,29.327928000000004,-1
323661,113.008811,28.198197,-1
323700,110.550944,29.346968,-1
324086,109.616776,27.940428000000004,0
324710,109.830322,29.195927,-1
324796,112.983398,27.955591,15
325256,110.475743,29.05276,-1
325390,109.603214,27.954377,9
325549,109.603214,27.954377,9
326267,112.980651,28.184082,1
326884,109.902076,27.509184,8
327091,110.433111,29.185287,-1
327947,112.9985,28.197333,-1
328198,109.603214,27.954377,9
328633,109.902076,27.509184,8
328765,112.967605,28.198531,-1
329502,110.466147,29.362263,16
329674,113.061504,25.510559,-1
329727,111.577148,26.211859,-1
329861,110.55718600000002,29.0625,-1
330314,111.598091,26.236149,6
330321,112.950766,28.193141,-1
330543,111.796875,29.68805200000001,-1
330836,109.902076,27.509184,8
331238,110.466666,29.1,7
331650,111.348833,28.973999,-1
331769,110.478515,29.12937100000001,3
331855,109.902076,27.509184,8
332006,110.003196,29.211099,-1
332071,110.441799,29.354884,-1
332315,110.605517,29.378925,-1
334092,111.599121,26.231404,-1
334667,112.980651,28.184082,1
335242,110.5445,29.3305,-1
335321,111.599121,26.231404,-1
335834,112.267004,28.020465,-1
335846,110.478515,29.12937100000001,3
337463,110.517914,29.347083,-1
337487,112.938079,28.207003000000004,14
338134,113.111887,29.354985,-1
338206,110.461864,29.354499,10
338899,109.965591,28.715581,-1
339065,111.796875,29.68805200000001,-1
339562,112.615379,26.902399,-1
340908,109.811096,29.084976,-1
340976,110.506839,29.386662,-1
341502,109.577636,26.784847,-1
341515,112.919166,27.832666,-1
341778,111.598091,26.236149,6
342943,111.47393,28.384408,-1
343518,110.466666,29.1,7
343814,111.537139,27.41403,-1
344040,109.603214,27.954377,9
344175,113.202216,28.184087,-1
344431,110.540967,29.341759000000003,-1
345820,110.489673,29.380978,-1
345908,110.480833,29.14421500000001,12
346488,111.577148,26.211859,-1
346708,109.603214,27.954377,9
347775,110.610351,29.214507,-1
347917,113.125877,27.814938,-1
348405,111.796875,29.68805200000001,-1
348543,112.957649,28.197321,-1
348781,109.332052,28.361069,-1
348793,110.461864,29.354499,10
348880,109.962502,28.722958,-1
349091,113.629119,28.143999,11
349716,113.064422,29.42688900000001,-1
350026,111.598091,26.236149,6
350646,111.598091,26.236149,6
351258,110.456542,29.351955,-1
351277,110.49139,29.388831,-1
351480,110.478515,29.12937100000001,3
351830,109.6034,27.950986,-1
352208,110.375,28.54191,5
352617,109.830322,29.195927,-1
352998,113.074035,28.179013,-1
353141,110.444183,29.347541,-1
353375,112.947219,28.196577,-1
353638,111.537139,27.41403,-1
353963,113.108367,29.394589,-1
354451,110.43457,29.16655200000001,2
354498,110.480833,29.14421500000001,12
354856,110.47791399999998,29.371007,-1
355731,111.356091,24.757743,-1
355915,112.489275,27.911847,-1
356299,110.417404,29.364223,-1
356973,109.646301,28.008951,-1
356978,110.480833,29.14421500000001,12
357184,112.968307,28.1975,-1
357375,109.562187,27.961049,-1
358437,110.4,29.31,-1
359038,112.972068,28.200801,-1
359437,112.729833,27.241166,-1
359610,109.603214,27.954377,9
359706,113.214166,28.196833,-1
359894,109.902076,27.509184,8
359899,112.930588,28.18080800000001,-1
359963,110.559929,29.319342,-1
360063,109.603214,27.954377,9
360147,109.603214,27.954377,9
360233,110.489673,29.380978,-1
360811,111.348833,28.973999,-1
360882,110.610351,29.214507,-1
360894,111.129112,29.427637,4
362305,113.078117,28.810499,-1
362452,111.577148,26.211859,-1
362897,112.94288600000002,28.226516,-1
363195,112.983398,27.955591,15
363389,111.729472,29.060183,-1
363601,110.466147,29.362263,16
363612,112.980651,28.184082,1
363620,110.471264,29.060487,-1
364337,110.478515,29.12937100000001,3
364949,109.562187,27.961049,-1
365009,112.967605,28.198531,-1
365871,109.598836,27.94907000000001,-1
366869,110.375,28.54191,5
367221,109.598102,27.951127000000003,-1
367651,112.009401,27.733097,-1
367925,112.980651,28.184082,1
368009,112.807617,26.017297,-1
368247,110.480833,29.14421500000001,12
369196,110.435088,29.326028000000004,-1
370072,110.469074,29.391448,-1
370104,110.43457,29.16655200000001,2
370835,110.480833,29.14421500000001,12
370970,112.980651,28.184082,1
371037,110.478515,29.12937100000001,3
371706,110.466147,29.362263,16
371797,110.415344,29.369759,-1
372163,111.598091,26.236149,6
372539,111.129112,29.427637,4
372614,112.980651,28.184082,1
372634,111.47583,28.384894,-1
373196,113.956994,28.33963300000001,-1
374146,112.980651,28.184082,1
374589,112.967605,28.198531,-1
375546,112.970287,28.199113,-1
376332,110.341873,29.196452,-1
376612,112.975188,28.18785,-1
376948,109.965591,28.715581,-1
377324,109.596176,27.952255,-1
377494,112.980651,28.184082,1
377535,110.324363,29.172847,-1
378291,109.603214,27.954377,9
379122,109.590316,27.948999,-1
379264,112.979879,28.188092,-1
379492,110.544964,29.340663,-1
379652,109.599995,27.952065,-1
379734,110.469074,29.391448,-1
379802,112.983398,27.955591,15
379880,112.936663,28.183401,-1
380187,110.4328,29.346941,-1
380384,111.47625,28.387305,-1
380418,110.417404,29.364223,-1
380478,110.555205,29.066069,-1
381294,110.482292,29.367664,-1
381348,111.48745,28.398491,-1
381467,113.20382,28.205914,-1
381915,112.933788,28.167361,-1
382979,109.603214,27.954377,9
383030,110.461864,29.354499,10
383309,112.938079,28.207003000000004,14
383327,110.519145,29.362977,-1
383606,111.481766,28.3905,-1
383738,110.610351,29.214507,-1
383978,110.471932,29.11627,-1
384446,111.720314,29.619952,-1
385043,109.603214,27.954377,9
386376,112.971038,28.193085,-1
386565,112.980651,28.184082,1
386719,112.324218,27.527758,-1
387108,109.586494,27.963488,-1
387153,109.976233,28.712572,-1
387633,109.975891,29.534632,-1
387731,112.980651,28.184082,1
387813,113.111972,29.364298,-1
387879,113.224432,28.209766,-1
388052,112.535705,27.916463,-1
388549,112.983398,27.955591,15
388658,111.599121,26.231404,-1
389107,111.598091,26.236149,6
389232,110.375,28.541889,5
389504,112.980651,28.184082,1
389530,110.514221,29.341481,-1
390360,112.980651,28.184082,1
390532,112.886033,24.980627,-1
390729,111.598091,26.236149,6
390820,109.602766,27.952463,-1
392623,109.533333,28.383333,-1
392822,110.478515,29.12937100000001,3
392985,111.238975,29.583086,-1
393031,112.983398,27.955591,15
393063,113.111972,29.364298,-1
393235,109.603214,27.954377,9
393372,113.227521,28.186699,-1
393590,112.968758,28.206494,-1
394065,110.262597,29.071773,-1
394707,110.727981,29.440978,-1
395063,109.616776,27.940428000000004,0
395631,109.603214,27.954377,9
395819,110.46273,29.359359,-1
395946,112.980651,28.184082,1
397558,112.456054,26.70635900000001,-1
397565,112.939453,28.362401,-1
398182,113.213666,28.196833,-1
399402,110.477415,29.374833,-1
399607,109.577636,26.784847,-1
399784,112.935419,28.167418,-1
400040,112.983398,27.955591,15
400044,111.598091,26.236149,6
400077,110.399466,28.963619,-1
401189,109.598836,27.94907000000001,-1
401313,110.438003,29.357715,-1
402529,109.598922,27.952937,-1
402644,110.478515,29.12937100000001,3
403209,112.933788,28.179240000000004,-1
403251,110.610351,29.214507,-1
403416,112.983352,28.205355,-1
403987,113.201441,28.189643,-1
404980,109.708794,28.277169,-1
406182,111.843611,27.995555,-1
406218,111.598091,26.236149,6
406937,112.936019,28.197699,-1
407091,109.603214,27.954377,9
407140,110.399466,28.963619,-1
407942,112.924776,24.972491,-1
408006,110.520912,29.36434,-1
408441,112.983398,27.955591,15
408475,112.983398,27.955591,15
408552,110.417404,29.364223,-1
409037,112.980651,28.184082,1
409440,113.013666,28.1965,-1
409825,113.024307,25.81311,-1
410615,110.469923,29.135908,-1
410725,113.009319,28.208308,-1
410815,110.451736,29.369011,-1
410866,113.046398,25.8121,-1
411183,112.943401,28.226365,-1
411497,112.938079,28.207003000000004,14
411906,109.598236,27.951951,-1
412068,111.598091,26.236149,6
412086,110.433608,29.347091,-1
412444,110.49139,29.388831,-1
412685,112.96796299999998,28.1966,-1
412827,111.355319,24.757665,-1
413115,111.471686,28.387658,-1
413248,113.222361,28.205695,-1
413579,110.630974,29.102489,-1
414236,109.533333,28.383333,-1
414638,111.610107,26.735799,-1
414675,109.965591,28.715581,-1
415407,111.537139,27.41403,-1
415531,113.629119,28.143999,11
415668,109.596005,27.954377,-1
415815,110.466666,29.1,7
416001,110.43457,29.16655200000001,2
416044,110.478515,29.12937100000001,3
416414,112.60813,26.888125,-1
416504,112.980651,28.184082,1
416556,109.596519,27.951951,-1
416814,112.982788,28.204638,-1
417455,112.938079,28.207003000000004,14
417994,110.610351,29.214507,-1
418012,110.417404,29.364223,-1
418197,110.461864,29.354499,10
418476,110.466666,29.1,7
418986,111.643066,29.63659,-1
419133,113.0125,28.194666,-1
419497,109.331941,28.360777,-1
419924,111.750627,29.645061,-1
419926,113.14476,27.82845,-1
419951,109.599995,27.952065,-1
420268,113.010233,28.201383,-1
420339,113.106307,29.363326,-1
420466,110.417404,29.364223,-1
420630,110.50941,29.070206,-1
421745,109.598836,27.94907000000001,-1
421822,110.438211,29.346419,-1
422177,109.577636,26.784847,-1
422335,111.598091,26.236149,6
423060,110.487527,29.012569,-1
423134,110.254152,29.120406,-1
423203,109.599995,27.952065,-1
423336,112.980651,28.184082,1
423631,112.12646399999998,28.256005,-1
423983,111.598091,26.236149,6
424249,113.14476,27.82845,-1
424264,112.975372,28.183491,-1
424320,112.980651,28.184082,1
424521,113.113861,29.373947,-1
425018,113.031666,28.199166,-1
425063,110.530873,29.354291,-1
425186,110.438003,29.357715,-1
425248,113.14476,27.82845,-1
425696,112.980651,28.184082,1
425933,111.643066,29.63659,-1
425964,111.720314,29.619952,-1
426315,110.43457,29.16655200000001,2
427316,113.629119,28.143999,11
427599,110.453796,29.140766,-1
427649,110.456542,29.351955,-1
428285,110.487102,29.046087,-1
428533,112.938079,28.207003000000004,14
428593,112.960052,28.218802,-1
428980,112.948333,28.199666,-1
429252,110.613966,29.366638,-1
429527,111.598091,26.236149,6
429535,110.472367,29.129592,-1
429991,109.603214,27.954377,9
430024,111.537139,27.41403,-1
430330,113.226521,28.183092,-1
430952,109.603214,27.954377,9
431351,112.983398,27.955591,15
433232,110.506839,29.386662,-1
433342,110.514221,29.341481,-1
433378,110.43045,29.358538,-1
433404,113.629119,28.143999,11
433867,112.267004,28.020465,-1
434896,112.974755,28.182894,-1
436256,110.188425,29.141819,-1
436507,109.603214,27.954377,9
436724,112.977905,28.188243,-1
436845,109.598836,27.94907000000001,-1
436984,110.478515,29.12937100000001,3
437320,111.598091,26.236149,6
437682,112.939453,28.362401,-1
438087,110.483837,29.387485,13
438116,113.226267,28.205435,-1
438383,110.415687,29.358538,-1
439787,113.2131,28.205663,-1
440866,112.970287,28.199113,-1
441094,111.148681,26.391869,-1
441408,110.46273,29.359359,-1
441709,110.423412,29.330407,-1
442545,111.577148,26.211859,-1
442594,110.449813,29.34088,-1
442857,113.629119,28.143999,11
443662,111.5795,29.003,-1
443687,112.384147,28.580752,-1
444320,112.958335,28.184158,-1
445105,113.069572,28.176819,-1
445325,113.631661,28.168544,-1
445482,110.478515,29.12937100000001,3
446065,110.415344,29.369759,-1
446394,109.603214,27.954377,9
446406,110.613966,29.366638,-1
446647,112.972412,28.205188,-1
446948,109.332269,28.360663,-1
447319,113.956855,28.339608,-1
447496,110.465126,29.132445,-1
447542,110.478515,29.12937100000001,3
447606,110.480833,29.14421500000001,12
448187,110.478515,29.12937100000001,3
448194,110.601344,29.378465,-1
448453,112.980651,28.184082,1
448684,112.985977,28.214469,-1
448806,112.9679,28.193469,-1
450147,109.533333,28.383333,-1
450423,109.92053,27.481166,-1
450927,110.479545,29.384643,-1
451022,113.078117,28.810499,-1
451416,112.970352,28.19248,-1
452339,110.466147,29.362263,16
452432,110.497483,29.1092,-1
453731,109.589309,27.950132,-1
453750,113.051118,25.81179,-1
454197,113.634658,28.14460200000001,-1
454754,110.375,28.54191,5
456709,109.603214,27.954377,9
457156,112.972412,28.205188,-1
457174,112.980651,28.184082,1
457505,112.980651,28.184082,1
457517,112.269198,28.027576,-1
458395,110.264994,29.059285,-1
458915,109.598836,27.94907000000001,-1
459030,112.980651,28.184082,1
459129,110.610351,29.214507,-1
459300,111.537139,27.41403,-1
459306,111.577148,26.211859,-1
459493,112.963833,25.738000000000003,-1
459823,110.609282,29.37934000000001,-1
460445,112.980651,28.184082,1
460567,110.5455,29.329833,-1
461714,111.129112,29.427637,4
461848,112.960052,28.218802,-1
462551,110.198327,29.138603000000003,-1
462573,112.968978,28.202767,-1
462787,112.382211,28.58058,-1
463591,112.9664,28.197186,-1
464236,110.446929,29.195328000000003,-1
464531,112.972794,28.190188,-1
464567,111.129112,29.427637,4
464586,109.598922,27.952937,-1
464669,110.471377,29.117731,-1
464773,109.598836,27.94907000000001,-1
465163,113.307167,25.875833,-1
465551,110.456542,29.351955,-1
466691,111.491919,28.39783,-1
467146,109.603214,27.954377,9
467232,110.459117,29.387485,-1
467544,112.980651,28.184082,1
467889,110.324363,29.172847,-1
468001,113.631674,28.168525,-1
468790,110.466147,29.362263,16
469198,109.842769,28.498161,-1
469880,109.603214,27.954377,9
469915,113.03668799999998,28.236233,-1
469954,109.331941,28.360777,-1
470816,110.489673,29.380978,-1
470870,112.980651,28.184082,1
470974,110.497067,29.389682,-1
471156,112.983398,27.955591,15
471367,112.011619,27.733575,-1
471577,112.489375,27.911975,-1
471660,109.606063,27.949155,-1
472970,112.96948,28.206511,-1
473673,112.935676,28.179392,-1
473706,112.978241,28.189508,-1
473918,112.980651,28.184082,1
474864,111.598091,26.236149,6
475351,110.478515,29.12937100000001,3
475519,113.624725,28.146324,-1
475561,109.598836,27.94907000000001,-1
476453,110.506839,29.386662,-1
476485,111.129112,29.427637,4
476612,110.900027,29.993444,-1
477008,111.46038,28.903255,-1
477649,112.971144,28.194708,-1
477723,110.478515,29.12937100000001,3
477815,112.9985,28.197666,-1
477990,110.43457,29.16655200000001,2
478750,112.983398,27.955591,15
479049,111.599121,26.231404,-1
479133,109.603214,27.954377,9
479360,111.598091,26.236149,6
479597,112.936534,28.17629,-1
479683,112.980651,28.184082,1
479743,113.111972,29.364298,-1
479894,112.971802,28.19365,-1
480104,111.750497,29.645186,-1
480355,109.606389,27.951269,-1
480930,111.47625,28.387305,-1
481636,109.734711,28.31109600000001,-1
481980,112.946062,28.227272,-1
482041,109.603214,27.954377,9
482170,112.971038,28.193085,-1
482435,110.43457,29.16655200000001,2
482454,109.92053,27.481166,-1
482537,112.986502,28.212219,-1
482751,112.966933,28.196655,-1
483098,110.478515,29.12937100000001,3
483307,110.466147,29.362263,16
483536,109.598751,27.948464,-1
484143,112.324218,26.58852700000001,-1
484615,109.598751,27.948464,-1
484967,110.468215,29.344848,-1
485294,112.986005,28.184888,-1
485467,112.964833,25.738167,-1
485804,111.598091,26.236149,6
485815,110.478515,29.12937100000001,3
485882,112.938079,28.207003000000004,14
486132,112.980651,28.184082,1
486809,110.484257,29.37467100000001,-1
487372,109.603214,27.954377,9
487603,111.537139,27.41403,-1
487614,112.955245,28.181056,-1
488408,111.796875,29.68805200000001,-1
488725,110.461864,29.354499,10
489007,109.9063,28.571311,-1
489708,111.598091,26.236149,6
490046,110.43457,29.16655200000001,2
490988,112.740394,27.189594,-1
490989,112.980651,28.184082,1
491044,112.979879,28.188092,-1
491196,113.14476,27.82845,-1
491883,110.470669,29.116638,-1
492603,112.960052,28.218802,-1
492697,110.507354,29.405581,-1
493139,110.480053,29.378214,-1
493212,110.420878,29.339364,-1
493479,110.456542,29.351955,-1
494125,109.603214,27.954377,9
494446,110.43457,29.16655200000001,2
495181,111.238975,29.583086,-1
495477,113.629119,28.143999,11
496042,110.478515,29.12937100000001,3
496105,113.6351,28.144536,-1
496446,110.451736,29.369011,-1
496520,110.466666,29.1,7
496586,110.466147,29.362263,16
496759,112.118225,26.784387,-1
